player,age,batting_average,strike_rate,balls_faced,batting_position,opposition_strength,venue_runs_avg,form_last5,runs
Aarav,24,42.1,138.2,31,3,0.65,178,44,48
Ben,27,35.2,129.5,28,4,0.55,171,31,37
Chris,23,28.7,151.4,19,6,0.72,181,35,42
Dev,29,46.8,126.8,39,3,0.48,169,51,56
Ethan,25,31.4,142.6,24,5,0.61,176,28,33
Farhan,31,39.7,133.1,34,4,0.58,174,46,45
George,26,25.8,156.3,17,7,0.69,182,23,29
Hari,22,41.9,145.2,29,2,0.52,177,49,63
Ivan,28,33.1,131.9,30,5,0.74,168,38,35
Jai,24,37.5,149.1,22,4,0.57,179,42,52
Karan,30,44.3,128.4,36,3,0.46,172,55,59
Liam,27,29.6,136.7,25,6,0.66,175,34,39
